captcha_soat_0.png,L9UW
captcha_soat_1.png,PH67
captcha_soat_2.png,YDDT
captcha_soat_3.png,6URV
captcha_soat_4.png,QPBK
captcha_soat_5.png,3RAV
captcha_soat_6.png,4SKA
captcha_soat_7.png,JPYK
captcha_soat_8.png,YKDJ
captcha_soat_9.png,4FRG
captcha_soat_10.png,LIQI
captcha_soat_11.png,67EM
captcha_soat_12.png,EZHW
captcha_soat_13.png,UNU5
captcha_soat_14.png,6MP2
captcha_soat_15.png,WUFU
captcha_soat_16.png,ZOYY
captcha_soat_17.png,RRPU
captcha_soat_18.png,HXG4
captcha_soat_19.png,5T9G
captcha_soat_20.png,JYXK
captcha_soat_21.png,PRYY
captcha_soat_22.png,5UHD
captcha_soat_23.png,5GR1
captcha_soat_24.png,LMGR
captcha_soat_25.png,AS31
captcha_soat_26.png,2TYX
captcha_soat_27.png,NTBC
captcha_soat_28.png,FPRE
captcha_soat_29.png,UGHC
captcha_soat_30.png,VCQ2
captcha_soat_31.png,AFIO
captcha_soat_32.png,LMFY
captcha_soat_33.png,AJDX
captcha_soat_34.png,QONN
captcha_soat_35.png,6NVT
captcha_soat_36.png,PXPN
captcha_soat_37.png,FV5Z
captcha_soat_38.png,YKFU
captcha_soat_39.png,XZTF
captcha_soat_40.png,LIB5
captcha_soat_41.png,MEJB
captcha_soat_42.png,CLZZ
captcha_soat_43.png,4TRH
captcha_soat_44.png,63OZ
captcha_soat_45.png,R28Z
captcha_soat_46.png,TAER
captcha_soat_47.png,CGBM
captcha_soat_48.png,DWZB
captcha_soat_49.png,5U6H
captcha_soat_50.png,7CHD
captcha_soat_51.png,SG21
captcha_soat_52.png,U19W
captcha_soat_53.png,2V7X
captcha_soat_54.png,ZIWT
captcha_soat_55.png,LBH1
captcha_soat_56.png,8HDC
captcha_soat_57.png,6SU2
captcha_soat_58.png,FPUA
captcha_soat_59.png,WRNL
captcha_soat_60.png,LTHF
captcha_soat_61.png,T4YS
captcha_soat_62.png,21HE
captcha_soat_63.png,TCPY
captcha_soat_64.png,8UUR
captcha_soat_65.png,FT9B
captcha_soat_66.png,CE4H
captcha_soat_67.png,6SGG
captcha_soat_68.png,JNRU
captcha_soat_69.png,YT1O
captcha_soat_70.png,7DWV
captcha_soat_71.png,JRNP
captcha_soat_72.png,DDJG
captcha_soat_73.png,QGXX
captcha_soat_74.png,NRUE
captcha_soat_75.png,8VWO
captcha_soat_76.png,LYP1
captcha_soat_77.png,U68R
captcha_soat_78.png,XWWH
captcha_soat_79.png,ZTXO
captcha_soat_80.png,KFAF
captcha_soat_81.png,QUFG
captcha_soat_82.png,HVH6
captcha_soat_83.png,NHBN
captcha_soat_84.png,KX3V
captcha_soat_85.png,WBHO
captcha_soat_86.png,WSRD
captcha_soat_87.png,WP4H
captcha_soat_88.png,9E40
captcha_soat_89.png,VN2E
captcha_soat_90.png,WNZV
captcha_soat_91.png,LPYB
captcha_soat_92.png,SVSB
captcha_soat_93.png,OZMM
captcha_soat_94.png,QCRT
captcha_soat_95.png,EDPT
captcha_soat_96.png,WYAE
captcha_soat_97.png,NOYN
captcha_soat_98.png,ZUYG
captcha_soat_99.png,ZITJ
captcha_soat_100.png,YPYO
captcha_soat_101.png,QWHV
captcha_soat_102.png,3ECH
captcha_soat_103.png,UWFX
captcha_soat_104.png,AMKN
captcha_soat_105.png,HQQK
captcha_soat_106.png,MTEX
captcha_soat_107.png,X8FQ
captcha_soat_108.png,8WAX
captcha_soat_109.png,RBOI
captcha_soat_110.png,QF4V
captcha_soat_111.png,CDYV
captcha_soat_112.png,U7A1
captcha_soat_113.png,JUUW
captcha_soat_114.png,VLED
captcha_soat_115.png,OCJR
captcha_soat_116.png,NHHJ
captcha_soat_117.png,QMER
captcha_soat_118.png,YHQO
captcha_soat_119.png,DVVF
captcha_soat_120.png,PE5J
captcha_soat_121.png,MDJS
captcha_soat_122.png,CKBB
captcha_soat_123.png,VUS4
captcha_soat_124.png,YASC
captcha_soat_125.png,U5DF
captcha_soat_126.png,XITP
captcha_soat_127.png,NJAS
captcha_soat_128.png,PGNY
captcha_soat_129.png,A0ZV
captcha_soat_130.png,57LJ
captcha_soat_131.png,DFKF
captcha_soat_132.png,EYLC
captcha_soat_133.png,JCQ7
captcha_soat_134.png,2LRB
captcha_soat_135.png,FHHO
captcha_soat_136.png,3J7K
captcha_soat_137.png,YLND
captcha_soat_138.png,BIQB
captcha_soat_139.png,QJUT
captcha_soat_140.png,UJYG
captcha_soat_141.png,1H7V
captcha_soat_142.png,YLTX
captcha_soat_143.png,4GTB
captcha_soat_144.png,AJVV
captcha_soat_145.png,FGP8
captcha_soat_146.png,D9XZ
captcha_soat_147.png,RG5V
captcha_soat_148.png,AATM
captcha_soat_149.png,JLJJ
captcha_soat_150.png,ZOBU
captcha_soat_151.png,ZUJR
captcha_soat_152.png,SW4Z
captcha_soat_153.png,X3YY
captcha_soat_154.png,CMDT
captcha_soat_155.png,B6R7
captcha_soat_156.png,FSIU
captcha_soat_157.png,KQ8M
captcha_soat_158.png,XNFR
captcha_soat_159.png,CNYW
captcha_soat_160.png,LAYO
captcha_soat_161.png,NS5V
captcha_soat_162.png,YJFE
captcha_soat_163.png,YKWL
captcha_soat_164.png,9PH9
captcha_soat_165.png,5S4S
captcha_soat_166.png,DYXU
captcha_soat_167.png,D3FB
captcha_soat_168.png,6NJO
captcha_soat_169.png,HEHZ
captcha_soat_170.png,A9QQ
captcha_soat_171.png,ACDA
captcha_soat_172.png,8OEB
captcha_soat_173.png,58BT
captcha_soat_174.png,FYQN
captcha_soat_175.png,9JUJ
captcha_soat_176.png,FW9E
captcha_soat_177.png,QELY
captcha_soat_178.png,3HM5
captcha_soat_179.png,5DRR
captcha_soat_180.png,JSYE
captcha_soat_181.png,QT3X
captcha_soat_182.png,SVDI
captcha_soat_183.png,7PHW
captcha_soat_184.png,M2QV
captcha_soat_185.png,Z2Z9
captcha_soat_186.png,3AOB
captcha_soat_187.png,GQJK
captcha_soat_188.png,PIUE
captcha_soat_189.png,UDUD
captcha_soat_190.png,RAU6
captcha_soat_191.png,2CCW
captcha_soat_192.png,WXRT
captcha_soat_193.png,XS9B
captcha_soat_194.png,DFIA
captcha_soat_195.png,UCKZ
captcha_soat_196.png,P6YP
captcha_soat_197.png,CLRE
captcha_soat_198.png,6DI1
captcha_soat_199.png,CISN
